,Nets,Labels
0,Sepsis Cases - Event Log.0df82ee4-2b77-4784-8635-392c1ebb8990.pnml,18
1,Sepsis Cases - Event Log.ac17061f-bf51-4a98-adae-4440a7e4f45b.pnml,159
2,Sepsis Cases - Event Log.33bdae7e-4933-4f35-9602-e4bf4eca3810.pnml,118
3,Sepsis Cases - Event Log.d134b678-8287-4104-a787-b12251c3237c.pnml,153
4,Sepsis Cases - Event Log.0adab8b2-4c31-4911-8712-d8f5e578cffd.pnml,68
5,Sepsis Cases - Event Log.e161b348-19c0-4ad2-ba48-6c7e4b25c51b.pnml,154
6,Sepsis Cases - Event Log.7198e88e-4dce-41e6-854d-33973177135f.pnml,68
7,Sepsis Cases - Event Log.9d513f95-f1d5-4d64-b525-1c46a96fe63c.pnml,68
8,Sepsis Cases - Event Log.445d68a6-ce3c-464a-8637-2c2b6cce7a09.pnml,91
9,Sepsis Cases - Event Log.b9c86daf-6521-4896-b4fd-75c2bac0e069.pnml,187
10,Sepsis Cases - Event Log.5bf497cd-caac-4039-a924-debad02792a2.pnml,45
11,Sepsis Cases - Event Log.930d2c61-74ea-4ef3-a70d-1a047cddd64b.pnml,31
12,Sepsis Cases - Event Log.8ce291da-4db7-4f9e-a5ab-22e9b063ccb9.pnml,14
13,Sepsis Cases - Event Log.7259b3aa-e942-4e26-940e-15f5450f50b2.pnml,58
14,Sepsis Cases - Event Log.5e1e3a01-cded-4d83-9111-3e4bff2a731f.pnml,22
15,Sepsis Cases - Event Log.549f8994-96bd-4af3-817b-b7018c5e87b7.pnml,139
16,Sepsis Cases - Event Log.4fcde1ac-bd4f-42b3-887e-2be8373c4fef.pnml,6
17,Sepsis Cases - Event Log.64d171be-cd89-4343-9399-224c2c69bead.pnml,14
18,Sepsis Cases - Event Log.964a3068-daa8-4906-ae40-1d304c002eba.pnml,183
19,Sepsis Cases - Event Log.0814a6c0-bb49-4060-912b-e0c4de25995d.pnml,152
20,Sepsis Cases - Event Log.c1dfeea7-a91d-4434-a35e-3af733197900.pnml,43
21,Sepsis Cases - Event Log.0b9da28d-42ac-4f34-bbfc-420d3816ce2b.pnml,92
22,Sepsis Cases - Event Log.bac348b0-6c64-4aa9-8cc2-d80658d4e2fe.pnml,181
23,Sepsis Cases - Event Log.585a73ef-c969-4044-9695-ea66da1aeb1e.pnml,68
24,Sepsis Cases - Event Log.2ae3c4a0-d3e3-4de1-a848-e5fa6750e4a4.pnml,21
25,Sepsis Cases - Event Log.71dec251-50b0-4e0f-9f15-13e3be99cad5.pnml,91
26,Sepsis Cases - Event Log.eb22f3e1-3331-47a2-9a39-7b8c0b67187c.pnml,68
27,Sepsis Cases - Event Log.0fd06a3b-d916-4484-a990-4c86f2b80984.pnml,68
28,Sepsis Cases - Event Log.fc0e609b-a478-4a80-a0b5-2c8c842dd636.pnml,45
29,Sepsis Cases - Event Log.c4324b43-90af-442c-b4d5-9d4bfbc01a0f.pnml,175
30,Sepsis Cases - Event Log.41be470c-6329-4a5f-ba3b-2d5b14475aea.pnml,171
31,Sepsis Cases - Event Log.29a024fc-09f9-4793-b8f3-8d17456a7e00.pnml,118
32,Sepsis Cases - Event Log.21bf9dce-d3f2-426c-aa8e-dbfc722972a2.pnml,68
33,Sepsis Cases - Event Log.313e20f4-cb12-4c5b-8455-14562cd236b5.pnml,68
34,Sepsis Cases - Event Log.fe25e62d-0acd-4c5a-8c0e-637544c09346.pnml,18
35,Sepsis Cases - Event Log.6a91ee13-fe23-4cff-b715-02a58b38b022.pnml,68
36,Sepsis Cases - Event Log.ed91eb7b-f69c-4e19-b840-e44a495ae367.pnml,68
37,Sepsis Cases - Event Log.15db6057-d7c4-477d-8758-08df69a68620.pnml,173
38,Sepsis Cases - Event Log.f5b17267-14cd-454c-8f23-cc35e6413e3b.pnml,151
39,Sepsis Cases - Event Log.d3952cf3-99b3-4828-9531-3a0f5d80c7d7.pnml,68
40,Sepsis Cases - Event Log.92929938-9016-4a9f-8a7a-955702da1cb5.pnml,68
41,Sepsis Cases - Event Log.b1a008b8-2ac1-4cc7-adca-d974a3578d58.pnml,89
42,Sepsis Cases - Event Log.eb771439-52e2-4c55-8e4c-dfd2777c1c70.pnml,68
43,Sepsis Cases - Event Log.dbd1c857-6690-448e-a768-6dc7bf299a1a.pnml,172
44,Sepsis Cases - Event Log.15ce8b2a-0cb9-4f35-bc10-6a794e6646c4.pnml,150
45,Sepsis Cases - Event Log.77f83970-136d-43fc-9cf3-2e2a4118cbd4.pnml,84
46,Sepsis Cases - Event Log.a642a417-138d-449b-9aab-c99a1f3de891.pnml,180
47,Sepsis Cases - Event Log.d23bf5ad-d0b5-42ee-954c-65ebb60ad56e.pnml,84
48,Sepsis Cases - Event Log.71caabff-a250-47fc-b32f-682912074e0f.pnml,68
49,Sepsis Cases - Event Log.b3b79be0-19dd-4769-9acc-2ef2766aea74.pnml,68
50,Sepsis Cases - Event Log.2c055b20-d2e2-4612-935b-167f7dce3449.pnml,83
51,Sepsis Cases - Event Log.f99461f0-3ed6-4a8b-a28d-e736f6c85a9d.pnml,31
52,Sepsis Cases - Event Log.f0cefb70-17ff-4a5a-88ad-fdaba8331853.pnml,45
53,Sepsis Cases - Event Log.15f740db-c94a-44e5-af9e-7cb531728d4c.pnml,68
54,Sepsis Cases - Event Log.235cfb34-f541-4c67-93fa-6ff67ed398f6.pnml,149
55,Sepsis Cases - Event Log.db8ca80f-a118-4763-aca4-a845e7925154.pnml,23
56,Sepsis Cases - Event Log.668dcb9f-9399-450a-90c0-9b1875ce82f5.pnml,68
57,Sepsis Cases - Event Log.4d9d2dff-abb1-4d4c-99f5-aa450bb5cf7c.pnml,68
58,Sepsis Cases - Event Log.c6968ac0-7db1-4462-a0d0-09bdf717d9c8.pnml,97
59,Sepsis Cases - Event Log.6d9e68fc-8e68-4d74-a7ca-74fa57cfd826.pnml,90
60,Sepsis Cases - Event Log.f78bedcf-869d-408c-b5d7-136da0a4c83c.pnml,180
61,Sepsis Cases - Event Log.0141a5c7-6c48-4815-abcd-1adb3ddc182a.pnml,169
62,Sepsis Cases - Event Log.781c1bea-6152-40bf-b3d9-c1edc131be78.pnml,68
63,Sepsis Cases - Event Log.7e437028-26ad-4d32-8fa7-f1512972d8fb.pnml,68
64,Sepsis Cases - Event Log.3c56d22f-9f43-41d9-8f13-fe4753ccce98.pnml,20
65,Sepsis Cases - Event Log.46619d42-9351-47fe-ac25-4e5ceafb7616.pnml,68
66,Sepsis Cases - Event Log.83105ed2-49d3-4f1e-8721-483c6c8c92cb.pnml,19
67,Sepsis Cases - Event Log.bf35f2cb-ecea-4601-85ad-3d463ff041cf.pnml,26
68,Sepsis Cases - Event Log.c132a228-480c-42e2-b84d-9bdf9ff1a1ed.pnml,26
69,Sepsis Cases - Event Log.2aa823ec-ca38-4e6f-84c6-bb8efe052617.pnml,9
70,Sepsis Cases - Event Log.310dd250-930d-4288-8433-d68b64f83e4d.pnml,84
71,Sepsis Cases - Event Log.80dd65d2-948e-44e4-ae5d-2b2e0419545f.pnml,88
72,Sepsis Cases - Event Log.8b6ebc7d-eeff-43d7-8bb3-1e0512f25d08.pnml,68
73,Sepsis Cases - Event Log.c451592e-2abd-44dd-8892-f2fddc15667a.pnml,42
74,Sepsis Cases - Event Log.0e1b73ea-2136-4414-bdb9-33b879d56293.pnml,148
75,Sepsis Cases - Event Log.1e27c839-d9e2-4f7e-a372-3eea6053b797.pnml,31
76,Sepsis Cases - Event Log.2e46b0f9-91c4-4bb5-8435-8d4e53456352.pnml,68
77,Sepsis Cases - Event Log.b5c61056-828c-4f14-b6b9-28b5502fce1b.pnml,68
78,Sepsis Cases - Event Log.1fbe6018-992d-42e0-8a0e-c79b4f11de2f.pnml,68
79,Sepsis Cases - Event Log.709d4c01-4406-435f-98e7-57c0ad342dfa.pnml,161
80,Sepsis Cases - Event Log.3ac3b90c-7952-41c0-bf34-8963e8ef6868.pnml,68
81,Sepsis Cases - Event Log.1ec28185-259a-4aab-89ad-bad83f0734e0.pnml,68
82,Sepsis Cases - Event Log.81e0f76e-eb0d-4b81-879e-1ac3b861ad60.pnml,160
83,Sepsis Cases - Event Log.1c88d863-ef90-495f-8e8d-042e8851720c.pnml,45
84,Sepsis Cases - Event Log.ea1e136e-70b5-4356-b98b-6a4abf5b3b80.pnml,157
85,Sepsis Cases - Event Log.771ed4bb-e76d-4049-ad6c-1b2e4d77136b.pnml,182
86,Sepsis Cases - Event Log.f1181c92-a837-48f8-9b85-af082f387284.pnml,147
87,Sepsis Cases - Event Log.41e31274-c878-4783-b359-d2f522d8e361.pnml,35
88,Sepsis Cases - Event Log.d5a717b5-523a-4aaf-97cb-ed8602705307.pnml,68
89,Sepsis Cases - Event Log.688132e4-a07f-4784-bbfc-bbcab967f6ca.pnml,91
90,Sepsis Cases - Event Log.682ec25b-32db-47f6-bfa9-585451d39ae1.pnml,68
91,Sepsis Cases - Event Log.7c0995fe-7a4c-4634-b4e6-16bff9800a41.pnml,68
92,Sepsis Cases - Event Log.0f79956b-d451-4b7b-8a70-1129649f5602.pnml,68
93,Sepsis Cases - Event Log.c7e52f7a-eb1d-43b3-8980-c0387486fecb.pnml,68
94,Sepsis Cases - Event Log.64ce0dda-0661-4165-8134-e328972db6cf.pnml,155
95,Sepsis Cases - Event Log.198ad9a9-b26c-4b50-b7c0-560b2130a04a.pnml,2
96,Sepsis Cases - Event Log.92dd91f8-6b17-4043-aeb0-6dd46a8976df.pnml,145
97,Sepsis Cases - Event Log.b465a052-b0de-4a41-bad1-0a79a71064ab.pnml,174
98,Sepsis Cases - Event Log.7ab617d2-80e2-41fc-b3c3-ef6189496e1d.pnml,75
99,Sepsis Cases - Event Log.e7d62b48-5864-4894-a082-94ef7244913b.pnml,68
100,Sepsis Cases - Event Log.c8bbf2b7-1082-4f62-8c90-7103c68a59f0.pnml,68
101,Sepsis Cases - Event Log.c62daf0e-b196-40e5-a33f-53b49ec2d16a.pnml,68
102,Sepsis Cases - Event Log.4e14bfb3-9c29-4c13-9482-ecccf9034355.pnml,68
103,Sepsis Cases - Event Log.57f008f1-d24a-44ea-b9a9-da35e6df073c.pnml,19
104,Sepsis Cases - Event Log.d5fd7248-8310-4e92-a411-26ad4a76ed2f.pnml,68
105,Sepsis Cases - Event Log.0590405b-c3d3-43f8-aed5-762a4a8f4adb.pnml,89
106,Sepsis Cases - Event Log.fe58cb8c-b661-4b98-ac82-6a62fe1f6dc9.pnml,58
107,Sepsis Cases - Event Log.b0e2afca-ccf1-483c-a904-12b2b0a09249.pnml,74
108,Sepsis Cases - Event Log.6bb75ef0-f6ee-4959-ac07-19130863cd74.pnml,73
109,Sepsis Cases - Event Log.4f09a68a-5d11-48bc-92a4-1ffe57ec007b.pnml,17
110,Sepsis Cases - Event Log.efd38f90-8cc7-4e5e-907e-2987320fe733.pnml,166
111,Sepsis Cases - Event Log.a3a15ffa-4b9f-4733-be3b-cb73b2c9c824.pnml,88
112,Sepsis Cases - Event Log.486b3abf-afda-424b-bc35-710698a2c1c3.pnml,41
113,Sepsis Cases - Event Log.dbf78309-0cfe-4f0e-8ddc-bbf1a9c26e1a.pnml,59
114,Sepsis Cases - Event Log.339e56fa-6d39-47ae-8928-7e404885b9be.pnml,143
115,Sepsis Cases - Event Log.edf93f8b-ed5f-4701-8343-b985646baaa0.pnml,92
116,Sepsis Cases - Event Log.90e10c5e-ecef-4d23-b09e-dee491de07e8.pnml,146
117,Sepsis Cases - Event Log.a927d268-77db-4ae8-abcc-e4822afb2ea8.pnml,132
118,Sepsis Cases - Event Log.5b577844-cdf1-4b8b-a970-9801b4db1efd.pnml,68
119,Sepsis Cases - Event Log.859418ac-d9cf-4119-9454-94702c3b45bb.pnml,68
120,Sepsis Cases - Event Log.35b9fe8d-b092-452d-8b18-83355594d8a3.pnml,68
121,Sepsis Cases - Event Log.b698b683-96fb-45f1-86be-49b76ca375b4.pnml,8
122,Sepsis Cases - Event Log.0ffed655-5bb2-43cd-820d-7bb1b33fb472.pnml,31
123,Sepsis Cases - Event Log.b0cb50e7-81db-4771-b551-786ca8595b01.pnml,34
124,Sepsis Cases - Event Log.3a75999a-5ad9-4715-bb90-1a1fabcc8982.pnml,58
125,Sepsis Cases - Event Log.a43e361d-925c-4171-a2c6-748f4ceb756e.pnml,68
126,Sepsis Cases - Event Log.cafb5f33-e884-46f1-94eb-5dea5422d194.pnml,25
127,Sepsis Cases - Event Log.214c960f-46fc-441e-bbe5-7909786248f3.pnml,68
128,Sepsis Cases - Event Log.62f59944-8f98-44ba-b2f6-8e965d7cb471.pnml,91
129,Sepsis Cases - Event Log.40ec64c4-0290-4e3b-93b2-d976db3a3425.pnml,39
130,Sepsis Cases - Event Log.236e4d09-264f-4351-921c-21ead112e7a0.pnml,90
131,Sepsis Cases - Event Log.ff0fb8d2-2769-4289-9e0d-8ad27624d811.pnml,68
132,Sepsis Cases - Event Log.d2833e54-dad3-4eb5-bd66-88d400549bea.pnml,141
133,Sepsis Cases - Event Log.ce116278-8784-4538-b6fc-8daadd70d7ce.pnml,142
134,Sepsis Cases - Event Log.b501f4f5-e2bd-461c-9b28-2a3e2303581d.pnml,68
135,Sepsis Cases - Event Log.00578241-6209-498a-95b4-51be049f58a6.pnml,83
136,Sepsis Cases - Event Log.20abf676-ab52-48bc-b3c0-99e9d6e40b35.pnml,41
137,Sepsis Cases - Event Log.0a0588dd-61f5-402c-bcba-f1788717ae6e.pnml,174
138,Sepsis Cases - Event Log.0bf429cb-e900-42a0-9e2e-1413728c68a9.pnml,33
139,Sepsis Cases - Event Log.545fa643-7b9a-429d-82d2-7a035afcb276.pnml,68
140,Sepsis Cases - Event Log.c3cf371a-6059-4b6a-ae5e-f7505e129c30.pnml,68
141,Sepsis Cases - Event Log.6db92cd5-b3c4-493d-bcbb-415245644cf2.pnml,9
142,Sepsis Cases - Event Log.3f2a23e6-4230-4a59-beac-ffa553627c4e.pnml,68
143,Sepsis Cases - Event Log.23537e27-2328-4bde-b8de-32b964e40efc.pnml,68
144,Sepsis Cases - Event Log.817ff7db-ef77-492e-9589-4235418165f8.pnml,68
145,Sepsis Cases - Event Log.f4a73cf3-2979-4086-b011-d0ca61a167fe.pnml,70
146,Sepsis Cases - Event Log.22561e51-00a9-4b4d-b713-24bcaee209fa.pnml,28
147,Sepsis Cases - Event Log.7027d27e-9cfb-4f3c-a41d-89d9c27b1e0c.pnml,176
148,Sepsis Cases - Event Log.86cd3af8-a466-47d2-a69b-981cecb1b89a.pnml,45
149,Sepsis Cases - Event Log.21e4ae55-8970-41db-bb5f-027a0a6a4755.pnml,85
150,Sepsis Cases - Event Log.fa07cf95-ae8f-461f-89b0-745651f31012.pnml,25
151,Sepsis Cases - Event Log.cae508d3-7053-4011-973e-4796716fa2e6.pnml,68
152,Sepsis Cases - Event Log.8fa1ff4c-9f14-4982-ab37-cb87dfb02994.pnml,42
153,Sepsis Cases - Event Log.16d86e79-718e-4389-92d4-d3a7f1a5318e.pnml,8
154,Sepsis Cases - Event Log.b96fb318-42b3-4dff-8a28-db4502cdd971.pnml,86
155,Sepsis Cases - Event Log.b1600112-98c8-4546-be66-b719a9f210af.pnml,46
156,Sepsis Cases - Event Log.1cfb61c5-ed31-4edd-8fc6-43afa4c0a55a.pnml,68
157,Sepsis Cases - Event Log.a208b4f9-5b1f-4739-b56d-6ea3970d9e6f.pnml,2
158,Sepsis Cases - Event Log.2081b30a-9b98-4d65-bc7e-344d598a674c.pnml,70
159,Sepsis Cases - Event Log.ad5c312e-b1aa-4177-8191-5ef2f8a1d1ea.pnml,68
160,Sepsis Cases - Event Log.a34d416c-e9d4-44a1-9883-e3260dad04dd.pnml,89
161,Sepsis Cases - Event Log.1cadf783-5fe0-4b1d-8e77-5e55fbc918a6.pnml,68
162,Sepsis Cases - Event Log.8b527720-300b-4dd2-ad0d-fbd930c977c5.pnml,68
163,Sepsis Cases - Event Log.578920b3-9d42-4590-9e54-9444422802b6.pnml,68
164,Sepsis Cases - Event Log.8ec1f656-df9b-43be-b79c-973033c555a2.pnml,68
165,Sepsis Cases - Event Log.6ab3a3f6-84ab-4a92-a48a-ec591bef7800.pnml,16
166,Sepsis Cases - Event Log.9b49c7c6-6b44-4b37-a47c-2aabfd698d67.pnml,68
167,Sepsis Cases - Event Log.24a2cca4-f8f6-419a-bd0d-0e041c5547de.pnml,32
168,Sepsis Cases - Event Log.8ae812f0-5ff4-488e-bf27-ab7c586755ad.pnml,91
169,Sepsis Cases - Event Log.1277b74a-63be-4b04-8ca8-f6d46744ca22.pnml,35
170,Sepsis Cases - Event Log.51a73685-b6ff-422f-9367-d59ca4d8ef71.pnml,68
171,Sepsis Cases - Event Log.1247fe73-a709-4c81-a910-f490704d3ae2.pnml,68
172,Sepsis Cases - Event Log.be0e8993-6235-4567-a93b-924ccd4b71ff.pnml,83
173,Sepsis Cases - Event Log.17281d10-9554-4b51-8c7a-f3f15347af36.pnml,131
174,Sepsis Cases - Event Log.0920af44-4c01-42c4-8bee-88cb1c70554d.pnml,68
175,Sepsis Cases - Event Log.0622df9c-14e7-4f4e-ac4a-67b4c1b1fbd7.pnml,68
176,Sepsis Cases - Event Log.3da702dd-10b6-4439-a6f0-2698927347d2.pnml,92
177,Sepsis Cases - Event Log.71520ff7-d3f5-476f-8acd-cfbdd577899f.pnml,129
178,Sepsis Cases - Event Log.723bf624-cb82-4279-b194-2cc0fa92b522.pnml,140
179,Sepsis Cases - Event Log.9fd332fa-81b8-42c3-a545-c59a698bf92f.pnml,3
180,Sepsis Cases - Event Log.e7d8f35a-d55a-44d9-95c5-83ec96f4cd0f.pnml,83
181,Sepsis Cases - Event Log.543a8582-6c0f-40ee-bc6a-b863e6b689d3.pnml,68
182,Sepsis Cases - Event Log.7bab2d0d-9664-4cf4-9dd6-9aea987a4a13.pnml,68
183,Sepsis Cases - Event Log.15da4c33-3970-4e31-b5bc-2893750bd029.pnml,68
184,Sepsis Cases - Event Log.a4d2cd24-ee94-4799-a971-c2aae843fe72.pnml,25
185,Sepsis Cases - Event Log.c322feb7-a7ce-4afd-8def-c04bf30c6bf0.pnml,30
186,Sepsis Cases - Event Log.5f7be892-387a-4171-85b6-b544374f29ab.pnml,88
187,Sepsis Cases - Event Log.5c559a98-2472-4fcc-ad8a-36e7b4240b9e.pnml,41
188,Sepsis Cases - Event Log.4261ee52-67b6-43fc-be00-49882975f29e.pnml,45
189,Sepsis Cases - Event Log.895084ef-aa6f-48d7-8ce1-a1df13b2ac28.pnml,25
190,Sepsis Cases - Event Log.13a52063-c9d4-4463-975e-a5d5d9ddc6cc.pnml,68
191,Sepsis Cases - Event Log.df84fe39-b680-43d5-82e0-718c3d223fe5.pnml,68
192,Sepsis Cases - Event Log.d247e1c4-db5a-4879-a0a2-62178b74aafa.pnml,68
193,Sepsis Cases - Event Log.915152f7-2061-4071-b3ac-972c752ba30b.pnml,41
194,Sepsis Cases - Event Log.10f5bff8-c366-4a40-b945-fff65577b72c.pnml,68
195,Sepsis Cases - Event Log.b7ff541d-70bc-40f3-b386-91a0bd5b2530.pnml,68
196,Sepsis Cases - Event Log.2cb6a78b-be34-4f20-8fb5-650d1142595a.pnml,68
197,Sepsis Cases - Event Log.df3a6f7e-7e4d-4060-8554-f7f82995e364.pnml,15
198,Sepsis Cases - Event Log.a5657126-e5ae-4bc9-82ca-a5024b3c6995.pnml,69
199,Sepsis Cases - Event Log.64137c11-9d3e-415d-a856-1ce4697c4413.pnml,138
200,Sepsis Cases - Event Log.ca233e6a-cae9-478e-bcbf-594b4a4fdcac.pnml,60
201,Sepsis Cases - Event Log.4df60982-751b-4140-82cd-da8933b7443f.pnml,42
202,Sepsis Cases - Event Log.5f7ce3a1-0bf9-47bd-a8f4-842887ca8c65.pnml,68
203,Sepsis Cases - Event Log.5acb60cf-c2a6-4c1d-be55-6642bf9cf847.pnml,68
204,Sepsis Cases - Event Log.cd8b8ac3-6c6f-4e67-8ac3-257328d844c8.pnml,68
205,Sepsis Cases - Event Log.3340350c-27d2-4dc6-b2fa-543cf2289d0c.pnml,16
206,Sepsis Cases - Event Log.ba75de9f-4d76-40ca-b7eb-79dba07207fc.pnml,182
207,Sepsis Cases - Event Log.33ca85cf-8dce-43ed-91a0-e3956d90aed0.pnml,68
208,Sepsis Cases - Event Log.97f7fe07-d869-41db-a8ad-a1962af17e77.pnml,68
209,Sepsis Cases - Event Log.31dc8145-631b-4d54-9e11-85b883efdeda.pnml,137
210,Sepsis Cases - Event Log.f8c3ab0a-56b3-4c97-bf2b-0de9d98a34f0.pnml,123
211,Sepsis Cases - Event Log.2909cf68-5051-4e09-886a-464ba217ca7f.pnml,119
212,Sepsis Cases - Event Log.79454fe0-a114-4dc3-936e-25da1a799ed3.pnml,117
213,Sepsis Cases - Event Log.4c387041-4c4e-4406-90d8-5b5b0ef707ba.pnml,136
214,Sepsis Cases - Event Log.90ae5901-f50b-4c6b-855b-6b161f8aecfe.pnml,186
215,Sepsis Cases - Event Log.96bc5229-980b-45cb-97f3-78a22765493c.pnml,68
216,Sepsis Cases - Event Log.167569d6-2c02-430e-ab8c-415faae4cbd2.pnml,13
217,Sepsis Cases - Event Log.cefd95b7-16bd-46b0-bacd-5d937810f948.pnml,68
218,Sepsis Cases - Event Log.a867a9c1-6f23-408c-a988-6a7ff6ca728d.pnml,174
219,Sepsis Cases - Event Log.f2bc88c3-f1d5-41f0-87eb-822542f9c653.pnml,68
220,Sepsis Cases - Event Log.261d85ed-309e-4596-86e0-94785899b981.pnml,1
221,Sepsis Cases - Event Log.fe8cab00-94a5-4b83-9739-51a30d5ac919.pnml,68
222,Sepsis Cases - Event Log.9c94dec1-68af-4a37-87b8-acae056d5377.pnml,68
223,Sepsis Cases - Event Log.03141f92-cb45-4b95-9c7b-033f2bbc7da3.pnml,113
224,Sepsis Cases - Event Log.c32ec28c-0077-4d74-a0ab-a478c7388725.pnml,68
225,Sepsis Cases - Event Log.408b4b78-8f5e-48a6-aa3c-c1dcced7d1a0.pnml,68
226,Sepsis Cases - Event Log.6f778605-dc30-4580-9c7a-8ab8cbfd744d.pnml,137
227,Sepsis Cases - Event Log.cb89515f-925c-42d3-abc5-a25a06662c08.pnml,118
228,Sepsis Cases - Event Log.6d87c89b-bb3b-4398-99c2-af23bea055bc.pnml,68
229,Sepsis Cases - Event Log.765e1ab9-b920-431c-91c8-790470897308.pnml,6
230,Sepsis Cases - Event Log.b1a9b00c-0f25-42f5-b22f-7a0ab6d89aaf.pnml,109
231,Sepsis Cases - Event Log.9e761417-0cce-4932-81f8-e52f730a7543.pnml,26
232,Sepsis Cases - Event Log.de1e77e0-2b8f-41ec-b985-c4933ef0138c.pnml,68
233,Sepsis Cases - Event Log.15a39a26-ea3c-4beb-85df-1009be717024.pnml,105
234,Sepsis Cases - Event Log.486ee8f8-dffb-4528-bdb0-0f9a73d53107.pnml,68
235,Sepsis Cases - Event Log.0d669ae5-4434-41c8-8f5d-c68a943d7b57.pnml,174
236,Sepsis Cases - Event Log.7e48f7a1-9d03-4649-aa30-0cdee5a80831.pnml,12
237,Sepsis Cases - Event Log.87c0f32d-504a-4d74-b628-c722c836a861.pnml,88
238,Sepsis Cases - Event Log.ae82ccfb-ac59-4e94-88e7-0593fa40cbf0.pnml,5
239,Sepsis Cases - Event Log.f25de82b-e22a-4ab2-a96f-c6a033406523.pnml,33
240,Sepsis Cases - Event Log.9909f939-f7a3-423a-b57b-975495f25def.pnml,135
241,Sepsis Cases - Event Log.85d3b335-d31a-45c0-8824-8b67095c16fa.pnml,99
242,Sepsis Cases - Event Log.00be99bb-ff91-4cdf-a8d4-c07e3a911e36.pnml,98
243,Sepsis Cases - Event Log.7c44aac1-19c8-46a2-975b-3ce977e35137.pnml,79
244,Sepsis Cases - Event Log.78bb7bcd-dc10-4d4d-a7cc-a8ecc1a336d9.pnml,59
245,Sepsis Cases - Event Log.4babaa98-5113-49b8-877d-45a5eaa29587.pnml,31
246,Sepsis Cases - Event Log.11401af8-9166-4be0-9d1a-875a53ce3cb1.pnml,68
247,Sepsis Cases - Event Log.dccb46c3-60ba-4536-b677-d1ad872acfe6.pnml,132
248,Sepsis Cases - Event Log.11f08c1e-6c29-4605-a5b9-60054088e31b.pnml,68
249,Sepsis Cases - Event Log.fea6eaba-0e33-4ab7-a021-95402a33d975.pnml,85
250,Sepsis Cases - Event Log.725ffa7b-e465-4433-82af-b1b8ab3fba6f.pnml,68
251,Sepsis Cases - Event Log.e16f8698-8fc5-471f-8b91-6667e17d04f0.pnml,68
252,Sepsis Cases - Event Log.8776a9c7-18a3-469e-8a6e-473b77326fbd.pnml,68
253,Sepsis Cases - Event Log.51aaad17-3383-4ead-9fb8-e1dd6b73e5da.pnml,68
254,Sepsis Cases - Event Log.3c9e8491-1fd7-4acd-bc32-c47a480ed873.pnml,88
255,Sepsis Cases - Event Log.4113d2d8-3b27-4450-bc61-c06323142d7e.pnml,33
256,Sepsis Cases - Event Log.ba69914f-6783-47b5-b03c-ea7e8b15aea3.pnml,68
257,Sepsis Cases - Event Log.cc85886c-a0f4-4160-83b5-0f3d897655d1.pnml,68
258,Sepsis Cases - Event Log.20541b98-742b-4a23-8432-27bde53bd162.pnml,180
259,Sepsis Cases - Event Log.beb0c907-b5f8-4836-ad2b-ebe87ca44d97.pnml,68
260,Sepsis Cases - Event Log.85718940-6472-4a7e-8bd0-e59ebd2f4882.pnml,59
261,Sepsis Cases - Event Log.db629bb9-d210-4d18-8f7e-4118773ac1f0.pnml,134
262,Sepsis Cases - Event Log.4c1501ca-d1cb-43ab-b743-a53d3e3a6f64.pnml,9
263,Sepsis Cases - Event Log.58e45be7-5ea1-4cc1-8658-6eb464976175.pnml,91
264,Sepsis Cases - Event Log.6a267892-816c-4216-9441-36d97aaf098c.pnml,68
265,Sepsis Cases - Event Log.559b0edc-7d81-4993-890a-ae32d3bb703a.pnml,68
266,Sepsis Cases - Event Log.734c7210-ddfd-44f6-9acd-a20d88b8a408.pnml,68
267,Sepsis Cases - Event Log.587a0571-deb6-41ee-84e9-b6b3467e51a7.pnml,95
268,Sepsis Cases - Event Log.e4f9c079-60bd-40ec-b594-101b451b9a74.pnml,42
269,Sepsis Cases - Event Log.8ca4d2a8-dcf5-4d51-921d-9e0916922e98.pnml,87
270,Sepsis Cases - Event Log.30d8a298-f133-47bb-8e43-c709db8df448.pnml,68
271,Sepsis Cases - Event Log.1003af86-1a48-41ca-8d63-733012d37534.pnml,41
272,Sepsis Cases - Event Log.914592aa-9d8a-4c86-9b61-30b0cd2cb72e.pnml,68
273,Sepsis Cases - Event Log.189c8e90-da71-4cbf-8f08-75b2bf70ee26.pnml,68
274,Sepsis Cases - Event Log.c4d62310-541d-4d3c-a55b-f80ac3afaf4b.pnml,88
275,Sepsis Cases - Event Log.53dfc2aa-1318-4c73-aba6-2ef2bae012cc.pnml,94
276,Sepsis Cases - Event Log.7c9aede1-0e00-4d60-b790-55a9e03a6bf0.pnml,185
277,Sepsis Cases - Event Log.308127c1-ee11-4387-b860-3c463cc31135.pnml,68
278,Sepsis Cases - Event Log.ab3f6745-a3ba-4695-94fb-f404661996b2.pnml,84
279,Sepsis Cases - Event Log.856a3f0b-d8ed-446b-852e-4210cb6e242b.pnml,8
280,Sepsis Cases - Event Log.8b773473-3aac-4aa5-840d-1f4892a1e195.pnml,178
281,Sepsis Cases - Event Log.16ccee21-040b-4c07-89b7-9f37672040e1.pnml,68
282,Sepsis Cases - Event Log.85133161-9961-43b6-93e8-d99a16311895.pnml,68
283,Sepsis Cases - Event Log.cf3e9dc0-4e0d-4bfa-9f38-d16f4c2b3d2d.pnml,22
284,Sepsis Cases - Event Log.f480ccc3-d43e-41b1-93f3-1689b0a32779.pnml,6
285,Sepsis Cases - Event Log.dad85ede-cfcc-47ea-974f-7c1b7f489414.pnml,68
286,Sepsis Cases - Event Log.928a41b3-4912-4f1f-9a4e-dc00007303e7.pnml,66
287,Sepsis Cases - Event Log.529040ee-6fc7-49e8-bc1f-8a5c0e5411a5.pnml,68
288,Sepsis Cases - Event Log.fd8a01c5-918f-4528-b4d4-3060bb6c8f36.pnml,43
289,Sepsis Cases - Event Log.d80568ad-6431-4790-8eea-af00e1ce70cf.pnml,68
290,Sepsis Cases - Event Log.255068e7-ce5b-4307-b7ad-669ecf3952c7.pnml,68
291,Sepsis Cases - Event Log.828b9699-c6fe-4bd9-8abc-a296079959b8.pnml,68
292,Sepsis Cases - Event Log.2f10a43f-5b67-4729-aadc-1b917142ed9f.pnml,12
293,Sepsis Cases - Event Log.2de06d16-5b32-4578-97fa-5b683f21d5bd.pnml,45
294,Sepsis Cases - Event Log.2da59de5-14df-41b6-b925-884c422916ad.pnml,44
295,Sepsis Cases - Event Log.a3109fa0-9825-400a-9985-156f0cd76974.pnml,180
296,Sepsis Cases - Event Log.d1336ab2-73fc-4060-82a8-81f5696f0ffb.pnml,29
297,Sepsis Cases - Event Log.4d092078-bf19-4d98-b8bf-c542fbb79672.pnml,10
298,Sepsis Cases - Event Log.260d8f1e-6561-49a8-991a-5b0bb0cd3ac8.pnml,68
299,Sepsis Cases - Event Log.350df2c2-82d2-47ac-851e-43e6c51a1b88.pnml,29
300,Sepsis Cases - Event Log.bae9c120-ad98-41a8-9965-4ad90348ac32.pnml,162
301,Sepsis Cases - Event Log.a8ad18f3-d879-497d-95a2-c825659fb538.pnml,68
302,Sepsis Cases - Event Log.c370ce60-1266-4185-8013-64626326bba0.pnml,167
303,Sepsis Cases - Event Log.f8b71d52-611f-47b2-a813-754e451f64c4.pnml,1
304,Sepsis Cases - Event Log.658392b0-e814-494b-bd0f-8daed1770d78.pnml,68
305,Sepsis Cases - Event Log.86c06bda-c6ec-4835-bc3c-dbcebd2054d6.pnml,176
306,Sepsis Cases - Event Log.7b5426d1-14a0-4f36-a5d2-a8e6a157d3ab.pnml,68
307,Sepsis Cases - Event Log.ace744bf-1a16-409a-bd71-69368a276142.pnml,4
308,Sepsis Cases - Event Log.f6720786-5684-40ed-8297-769e61a2a50b.pnml,93
309,Sepsis Cases - Event Log.45eecad3-2ba8-4b4a-9831-7ef9568b15e3.pnml,92
310,Sepsis Cases - Event Log.406c27f6-1cf9-424c-ad57-5fc15561f3e0.pnml,68
311,Sepsis Cases - Event Log.a7a860ac-080a-4df6-b1ef-66d548f481aa.pnml,90
312,Sepsis Cases - Event Log.fe3c1a19-9a1b-4855-9fec-b17e51653c98.pnml,116
313,Sepsis Cases - Event Log.3772500a-446a-40c3-8c3d-c2272440ce48.pnml,163
314,Sepsis Cases - Event Log.96cefe47-edc3-4eb6-bf52-3b04d8985f3f.pnml,68
315,Sepsis Cases - Event Log.c16e6c5a-fb9b-41f0-b049-f1e1443877ee.pnml,68
316,Sepsis Cases - Event Log.7e402cf5-ed7c-4efb-b23f-2e47b6d8ee13.pnml,174
317,Sepsis Cases - Event Log.e34c5658-da48-45ce-9830-5dfd8f49fcb0.pnml,156
318,Sepsis Cases - Event Log.40563a14-029c-419a-ba70-00c38147a8e3.pnml,68
319,Sepsis Cases - Event Log.623fe15e-f545-4a59-9659-8fdd9ba796a7.pnml,68
320,Sepsis Cases - Event Log.90f71196-09ca-4626-a6d6-a36c63578420.pnml,68
321,Sepsis Cases - Event Log.ff57b190-b0f6-4d7b-b602-f8ae0467f653.pnml,158
322,Sepsis Cases - Event Log.5210affe-0786-4334-a54d-428d4ac13867.pnml,23
323,Sepsis Cases - Event Log.3a380678-2f6a-4255-bd92-40f8b007375f.pnml,65
324,Sepsis Cases - Event Log.773461d7-d7dc-4de1-8c33-798716d6adf3.pnml,29
325,Sepsis Cases - Event Log.51b7f56c-c171-4965-a3dd-5a5be87747cf.pnml,32
326,Sepsis Cases - Event Log.2e5100e6-8ccb-409c-a1aa-4aa34b4c17d6.pnml,80
327,Sepsis Cases - Event Log.3d74edfe-ec58-48f3-8c9a-927fb388d5d7.pnml,130
328,Sepsis Cases - Event Log.e62d9b81-99e1-4839-89f7-806bc6b5c83b.pnml,60
329,Sepsis Cases - Event Log.675adc5e-e02b-4c49-aaf8-540f3ebf6a27.pnml,104
330,Sepsis Cases - Event Log.b1fa3d61-c409-4ffd-bd55-67985aca6eda.pnml,68
331,Sepsis Cases - Event Log.8ea8a275-6c0e-4518-8372-2baa83aa4b89.pnml,10
332,Sepsis Cases - Event Log.465b6cd5-4bed-45d0-8d22-d5e19eac5d45.pnml,68
333,Sepsis Cases - Event Log.d1efe571-66e0-4bbc-bc9c-dd0dd95e9330.pnml,68
334,Sepsis Cases - Event Log.1ae5fac6-e041-43a6-b4ce-cc6ce602944c.pnml,21
335,Sepsis Cases - Event Log.b3ed98e0-083e-463b-8a0b-118b48885755.pnml,76
336,Sepsis Cases - Event Log.f1e871e5-49db-414f-a4da-57b099f19f68.pnml,1
337,Sepsis Cases - Event Log.ea527ed2-68ad-4704-87f1-26ebb16e30f6.pnml,68
338,Sepsis Cases - Event Log.0edc43e3-afef-4f64-922f-2dfbc1dc6473.pnml,68
339,Sepsis Cases - Event Log.721ea34b-3609-411e-af47-e89e29c31b8d.pnml,68
340,Sepsis Cases - Event Log.46843e17-6d14-4c45-84d6-ff1abf854920.pnml,4
341,Sepsis Cases - Event Log.ac483bbe-d28a-4796-a2d0-24222d464187.pnml,176
342,Sepsis Cases - Event Log.ec13f4eb-838e-4577-9de5-f4b410905310.pnml,68
343,Sepsis Cases - Event Log.abf13185-bbb8-4781-ae53-9e85f7a3d0c6.pnml,165
344,Sepsis Cases - Event Log.4dc5b510-ee2a-48dc-8b44-6910f0c608b8.pnml,24
345,Sepsis Cases - Event Log.88af12af-8e19-4edb-a4eb-e174e8680518.pnml,88
346,Sepsis Cases - Event Log.6353b284-eafc-4f6c-a2e4-023e4cbcc108.pnml,29
347,Sepsis Cases - Event Log.ccb9991e-824a-43d2-824b-e28d960a6d8e.pnml,68
348,Sepsis Cases - Event Log.fa5558ff-76c7-45e8-8dde-26f74fd0e0d3.pnml,164
349,Sepsis Cases - Event Log.45eb9747-5445-427c-bbf6-c601e5a228b7.pnml,68
350,Sepsis Cases - Event Log.4ca7ec96-475c-4f29-8956-cccdfda65e2e.pnml,68
351,Sepsis Cases - Event Log.120895fe-4a8a-46c3-9d02-705e66c075b3.pnml,68
352,Sepsis Cases - Event Log.b62fe23f-c096-408a-9b9f-c346d57dbc8a.pnml,128
353,Sepsis Cases - Event Log.0597eff7-f00a-421c-a7a4-020f6411c2c6.pnml,12
354,Sepsis Cases - Event Log.3aff7b94-0ba9-4027-996d-d44cf87bda49.pnml,90
355,Sepsis Cases - Event Log.528facc5-3960-45f8-9682-ee43fe99d446.pnml,31
356,Sepsis Cases - Event Log.2dfe6c2b-6b4e-4875-a880-f2e6a3d4ce2e.pnml,68
357,Sepsis Cases - Event Log.3394a4af-b220-4211-b009-650611759764.pnml,45
358,Sepsis Cases - Event Log.4192b0ed-8d76-45da-9e00-9da9a9c88f11.pnml,81
359,Sepsis Cases - Event Log.8fe7c28a-df86-4b66-9d83-c118bd392b45.pnml,36
360,Sepsis Cases - Event Log.f05ae367-65c6-4174-b5e9-6eeea1aea0e7.pnml,68
361,Sepsis Cases - Event Log.1e50a8df-6fb5-49a8-8604-c76a7e6b653d.pnml,127
362,Sepsis Cases - Event Log.17f9be64-e055-4ae5-ba21-7ec9c010d393.pnml,144
363,Sepsis Cases - Event Log.6b0d3cdd-f451-44d6-9398-4f48009b687b.pnml,118
364,Sepsis Cases - Event Log.d1c560be-5496-48c7-9a0b-70283760842a.pnml,126
365,Sepsis Cases - Event Log.fc709601-bda2-4a36-9791-a02839f3b9c6.pnml,176
366,Sepsis Cases - Event Log.35033096-5377-43f5-a338-89adf36d448c.pnml,22
367,Sepsis Cases - Event Log.4c98db3f-8576-459c-864d-d199d9b7c26a.pnml,7
368,Sepsis Cases - Event Log.b19b360a-95ad-46a1-b780-4246fc613c77.pnml,20
369,Sepsis Cases - Event Log.4563f4c2-27eb-40c0-aac1-2eac45e9764a.pnml,68
370,Sepsis Cases - Event Log.7b750baf-2a32-4023-92a0-af307933684a.pnml,86
371,Sepsis Cases - Event Log.f7fc227e-ce7a-4366-afa2-6bd774b9b472.pnml,42
372,Sepsis Cases - Event Log.6b27fb81-cc2c-4b2c-93ef-04a0e8dc9693.pnml,68
373,Sepsis Cases - Event Log.b81b03cc-0f0a-421d-aad1-749774d8eac9.pnml,66
374,Sepsis Cases - Event Log.49b3d6c2-3fcc-4a55-ac2a-248007daabed.pnml,68
375,Sepsis Cases - Event Log.8f8bdfe7-63ea-4b64-b3cf-2c6b7d507a13.pnml,133
376,Sepsis Cases - Event Log.07e2b315-7b47-4a31-91f7-d8613efa038f.pnml,68
377,Sepsis Cases - Event Log.84a9fc60-b0ae-473a-83cb-0a8afcf51638.pnml,125
378,Sepsis Cases - Event Log.9eb7cf73-8233-4304-9694-15e63b8df949.pnml,11
379,Sepsis Cases - Event Log.f771889d-898d-4fac-84a4-bb91df81e29c.pnml,80
380,Sepsis Cases - Event Log.597684a3-15f8-4472-82e5-3b9fbba2d0cd.pnml,96
381,Sepsis Cases - Event Log.0961c7ef-0e93-4eeb-958c-b885d478e01f.pnml,68
382,Sepsis Cases - Event Log.50482ca1-0d06-4a90-80bf-6735dea3a69e.pnml,37
383,Sepsis Cases - Event Log.2419383f-75de-4c6d-8ac7-725ea7fcfc6c.pnml,68
384,Sepsis Cases - Event Log.20e77983-ade7-4b81-b6f8-8216fe41b9d3.pnml,68
385,Sepsis Cases - Event Log.35a093e1-da17-4c2c-b343-6b6d5525ecc5.pnml,31
386,Sepsis Cases - Event Log.ff03e3e6-3691-474e-bda1-2b3a8edea52e.pnml,63
387,Sepsis Cases - Event Log.fe278b63-bcf3-4435-95c0-9bb2a73b27dc.pnml,25
388,Sepsis Cases - Event Log.cd7f204d-1104-4106-9a32-400ff0e9e17d.pnml,62
389,Sepsis Cases - Event Log.d71a5261-36a1-4bb6-85e9-b3d8a91875e3.pnml,68
390,Sepsis Cases - Event Log.78783e1f-c223-4068-9ab4-336113f9c8d8.pnml,68
391,Sepsis Cases - Event Log.28f0c254-1b8d-4ae2-a015-3f7cf51b6a5c.pnml,88
392,Sepsis Cases - Event Log.0886d210-86bd-4cf0-9895-05ef88154c1c.pnml,45
393,Sepsis Cases - Event Log.93624b1f-6170-40b8-a098-70f9a60c3afc.pnml,103
394,Sepsis Cases - Event Log.238e8146-a259-4dce-adff-fa83f1e0b39d.pnml,86
395,Sepsis Cases - Event Log.d11814a6-fb30-4e7f-a395-b982be04b16c.pnml,68
396,Sepsis Cases - Event Log.7164b706-deaf-4522-b887-a96bb6b383ae.pnml,121
397,Sepsis Cases - Event Log.82cc5c0f-d50a-4fb0-8d29-b10f55e312c4.pnml,68
398,Sepsis Cases - Event Log.77be4d1e-d5c8-4457-86d7-20baf754097e.pnml,115
399,Sepsis Cases - Event Log.7704c037-fee8-479c-9e05-b24b3a408c43.pnml,68
400,Sepsis Cases - Event Log.8ce8b77a-fdfa-40ef-a46c-35e86314f466.pnml,84
401,Sepsis Cases - Event Log.4ffd57e6-f819-442a-8322-5d9a7cd52228.pnml,30
402,Sepsis Cases - Event Log.72982796-5535-4810-9bac-4ca1b95f177c.pnml,68
403,Sepsis Cases - Event Log.f226f870-325f-4e41-ad1e-9f748d779792.pnml,68
404,Sepsis Cases - Event Log.a5ab083c-5e44-42a3-94a0-42d6fe1aecd4.pnml,87
405,Sepsis Cases - Event Log.1eb79d3e-11e0-4009-8b84-97898629cc74.pnml,68
406,Sepsis Cases - Event Log.8ebcaf70-23aa-4ea9-bb9d-53d83ac0a181.pnml,68
407,Sepsis Cases - Event Log.d6217dc1-79c7-4b69-810a-04743b74fdfd.pnml,68
408,Sepsis Cases - Event Log.4fd94b62-7c48-4006-88ae-11c59e62d988.pnml,86
409,Sepsis Cases - Event Log.7dba65fb-1021-43a4-b045-c312a3bcfb2c.pnml,68
410,Sepsis Cases - Event Log.2ec8d831-81d3-4eea-bec7-dc5d2269fc91.pnml,124
411,Sepsis Cases - Event Log.9439e4fa-4fbd-479e-a442-d33fd963285b.pnml,61
412,Sepsis Cases - Event Log.ce3b1090-79ef-4403-947e-c5c7f2427802.pnml,68
413,Sepsis Cases - Event Log.8f8dfc75-d33b-4d8d-9d77-d32c21ea1468.pnml,122
414,Sepsis Cases - Event Log.cc20b015-d598-45d8-80d2-b8919a203c39.pnml,182
415,Sepsis Cases - Event Log.a36616fd-0aaf-487e-9531-94bacb5dd651.pnml,34
416,Sepsis Cases - Event Log.5bcb0a22-fa97-4511-b202-f931f51972ef.pnml,68
417,Sepsis Cases - Event Log.b116f4b9-dbdd-4a1c-a323-73ad0f0e6797.pnml,111
418,Sepsis Cases - Event Log.c65f7a81-2438-487c-bf28-3a39d07498c5.pnml,107
419,Sepsis Cases - Event Log.6db42317-9a91-4527-ab61-9f52e4ea6603.pnml,60
420,Sepsis Cases - Event Log.a54154f9-8e23-4870-82f7-72d15b2a0494.pnml,38
421,Sepsis Cases - Event Log.cd5161d7-b796-450a-ae8e-f997df2337f3.pnml,89
422,Sepsis Cases - Event Log.014ab446-a605-46ae-a75e-60a90f35bf1f.pnml,58
423,Sepsis Cases - Event Log.30cd6a82-22a7-4f97-a458-eff3e676d841.pnml,51
424,Sepsis Cases - Event Log.d3cb470a-6f38-41ef-ad8d-2a4edfd1ee6e.pnml,86
425,Sepsis Cases - Event Log.b4289398-5b43-4ba1-b61b-616725fabca6.pnml,34
426,Sepsis Cases - Event Log.2bc89fe8-9a85-4a33-8993-46b32500ea38.pnml,10
427,Sepsis Cases - Event Log.598c4710-1d82-419f-a885-4ebc72d21e50.pnml,0
428,Sepsis Cases - Event Log.ae77a448-727b-4826-bbc4-7ee575775d74.pnml,68
429,Sepsis Cases - Event Log.795fedf2-58a0-43c5-b3b6-eeab26fe6431.pnml,101
430,Sepsis Cases - Event Log.2537c114-87d1-4a68-97ed-70e551473969.pnml,18
431,Sepsis Cases - Event Log.f282ac78-2d5b-4892-b023-387bfeb86ff6.pnml,4
432,Sepsis Cases - Event Log.800a5bfe-5120-43fc-a4ee-e86b40a5fc30.pnml,68
433,Sepsis Cases - Event Log.b82570ee-6c1e-41c3-8b2a-2ad47c3e0417.pnml,68
434,Sepsis Cases - Event Log.5bdb88ad-d428-4e21-a784-17f8adf57ec3.pnml,60
435,Sepsis Cases - Event Log.62134608-b373-4b69-a85f-a8b61e662020.pnml,47
436,Sepsis Cases - Event Log.ec90a3a7-52a6-4dfa-91b7-b185d133567d.pnml,88
437,Sepsis Cases - Event Log.e7bb2ddf-7473-4cde-9c52-b08c1072ab35.pnml,17
438,Sepsis Cases - Event Log.ee4e7da7-7702-49e6-abd3-711f948ca7cc.pnml,68
439,Sepsis Cases - Event Log.a5f0cdc5-0731-47b3-a418-e4a026757606.pnml,68
440,Sepsis Cases - Event Log.1ab68ab8-4a16-4b9d-b0f2-ef42554641a2.pnml,68
441,Sepsis Cases - Event Log.3e34cd87-183a-46b0-b557-957e0d7eb770.pnml,118
442,Sepsis Cases - Event Log.6d0d47d7-b01d-49a4-8777-0879aec49f8e.pnml,68
443,Sepsis Cases - Event Log.4aee65b8-7aed-4ab9-acb2-18c375f0d74d.pnml,16
444,Sepsis Cases - Event Log.987f13ea-ddad-4fbf-a6d7-07bab8992f77.pnml,77
445,Sepsis Cases - Event Log.c43f7514-5345-4f95-af5a-971671304efd.pnml,3
446,Sepsis Cases - Event Log.cdf2a448-cd78-4e1c-a26a-b569836be0d8.pnml,68
447,Sepsis Cases - Event Log.0bf5523c-d050-421e-9743-19956c7339c0.pnml,184
448,Sepsis Cases - Event Log.5cb5893d-6881-48ea-ad39-aecbb3d075f0.pnml,186
449,Sepsis Cases - Event Log.c5596f73-d370-48b4-953f-22f3d0d8b737.pnml,68
450,Sepsis Cases - Event Log.d9e1f6e8-378f-4c91-ba20-6e15bc6bc03f.pnml,13
451,Sepsis Cases - Event Log.26267b32-474c-4b65-9bad-cf3a53475422.pnml,68
452,Sepsis Cases - Event Log.db50099d-2191-4b6c-b30d-2611ac0fc0a2.pnml,68
453,Sepsis Cases - Event Log.8f5bd7c5-dda2-4edd-ac71-7ac6d198e51a.pnml,39
454,Sepsis Cases - Event Log.869706ce-6aa8-4483-b3fc-c2e1dbff5629.pnml,24
455,Sepsis Cases - Event Log.b10f2ed4-265f-46b1-a4a3-d2601ec467fd.pnml,5
456,Sepsis Cases - Event Log.af6a1ae3-1bb2-4664-b09c-01c9d08a0b95.pnml,19
457,Sepsis Cases - Event Log.5a2afd42-6717-45f0-9b67-88b6bc6badcd.pnml,58
458,Sepsis Cases - Event Log.2a321d21-7322-46f7-9b0f-23936a036750.pnml,68
459,Sepsis Cases - Event Log.0bd16b05-8a67-4394-ac8c-912722fc0cdd.pnml,68
460,Sepsis Cases - Event Log.d2fd41d4-b448-48f7-bac5-02dea2f15114.pnml,68
461,Sepsis Cases - Event Log.103dc99c-d63f-4267-b8f3-465803881890.pnml,68
462,Sepsis Cases - Event Log.8c5c7cc2-2cca-4f13-b55b-0116f18519f3.pnml,177
463,Sepsis Cases - Event Log.0be913b0-d56e-4c42-aece-f06d9dc13ed3.pnml,68
464,Sepsis Cases - Event Log.47a40587-1eac-4d06-9be0-9a4fc4a6730f.pnml,68
465,Sepsis Cases - Event Log.54857470-879a-4209-bc3b-1814544eb250.pnml,88
466,Sepsis Cases - Event Log.972edf8b-635d-4501-b248-360e5341c8c0.pnml,114
467,Sepsis Cases - Event Log.7fac19a4-896b-4dd4-b960-1b3c40f6b622.pnml,56
468,Sepsis Cases - Event Log.3922c927-efb5-477f-88e4-e90a426f5a5d.pnml,68
469,Sepsis Cases - Event Log.b8a76fe5-255e-4ba9-9b9b-2c813731f249.pnml,46
470,Sepsis Cases - Event Log.0442c9fa-907b-4909-aa1a-9f46dad11bd9.pnml,168
471,Sepsis Cases - Event Log.13126e2d-9da3-4f8b-9167-3b35009a8e48.pnml,112
472,Sepsis Cases - Event Log.86be0f6f-c4a2-4fad-a0f1-0db0e1afb279.pnml,182
473,Sepsis Cases - Event Log.d0e98dc7-7aab-408e-b7f6-0f15fe3c662a.pnml,55
474,Sepsis Cases - Event Log.411dd95c-5a88-4fb8-acec-c8a0732642ab.pnml,11
475,Sepsis Cases - Event Log.e65392ae-1d0e-429a-acd8-b67fe1e738a4.pnml,186
476,Sepsis Cases - Event Log.fb88ec74-a419-43d4-87bb-76541533ed5d.pnml,7
477,Sepsis Cases - Event Log.de23fc28-1c07-4d75-9999-9f691ee2b650.pnml,82
478,Sepsis Cases - Event Log.3edf3f13-a467-40bf-bc34-bd55d3ea1412.pnml,86
479,Sepsis Cases - Event Log.73bd8e50-6bfc-44af-b3a5-37c68bb5980d.pnml,71
480,Sepsis Cases - Event Log.511469c4-3f5f-4ff4-9eb2-394ad6465df0.pnml,39
481,Sepsis Cases - Event Log.7fe251ff-48c1-4329-a182-3e5ba8b54a37.pnml,67
482,Sepsis Cases - Event Log.a17e6bd5-f89f-4f21-ae2b-7c9da5508c58.pnml,68
483,Sepsis Cases - Event Log.96b14114-7ebb-4748-8c1b-16314dacbf63.pnml,68
484,Sepsis Cases - Event Log.40ad5b12-fe04-4c41-b266-2295588e40a5.pnml,38
485,Sepsis Cases - Event Log.c5a2d10d-0bdd-4af0-9690-a60f326966d8.pnml,45
486,Sepsis Cases - Event Log.e7b43915-137a-4add-9d40-3a2cd3a904b9.pnml,68
487,Sepsis Cases - Event Log.12bdabb3-81ea-429d-907b-75dd2ed1c455.pnml,87
488,Sepsis Cases - Event Log.9bbcf7bc-d69d-4be8-b3d5-c67dcac18964.pnml,68
489,Sepsis Cases - Event Log.571ddf5c-26a6-4890-81f0-b756aafcf4a1.pnml,64
490,Sepsis Cases - Event Log.8ec323b3-0e94-4afa-85bd-eba523d59e70.pnml,68
491,Sepsis Cases - Event Log.b9f2312a-df58-4f03-b423-74a16f7d7b24.pnml,68
492,Sepsis Cases - Event Log.494d6d76-ecbb-4cae-9cb2-d11895404286.pnml,44
493,Sepsis Cases - Event Log.a126368a-31cb-44fb-a454-223cb7b44c25.pnml,68
494,Sepsis Cases - Event Log.6a5a4a04-581a-4c2d-9cd4-ecc0d5abaf14.pnml,85
495,Sepsis Cases - Event Log.b95cad8d-17d2-4b0d-aebf-ea0b0820e284.pnml,5
496,Sepsis Cases - Event Log.bdb7764d-c1b8-4678-b29f-5ed9abcc8c1b.pnml,68
497,Sepsis Cases - Event Log.f040c16c-8960-4bc5-aa8d-a8d965f40cd4.pnml,120
498,Sepsis Cases - Event Log.4b0ff6d1-d359-4db9-8041-33c91e6fe552.pnml,68
499,Sepsis Cases - Event Log.ca0bd1c1-f77e-4904-8107-d0a167bab261.pnml,27
500,Sepsis Cases - Event Log.1a3a9827-2c44-4383-9203-b147c2e40bba.pnml,28
501,Sepsis Cases - Event Log.f15fc400-7ae4-41ba-b8b4-3569ff1daef4.pnml,21
502,Sepsis Cases - Event Log.a736eda4-0cbe-418a-9e31-0b3ac2441cd4.pnml,90
503,Sepsis Cases - Event Log.5bbec111-68f9-4e02-80ff-c5729906515f.pnml,68
504,Sepsis Cases - Event Log.34f7dae6-3996-410f-b925-bff5a07e8a4e.pnml,68
505,Sepsis Cases - Event Log.3c605475-22dd-42a8-b4ba-df1f75f42efe.pnml,68
506,Sepsis Cases - Event Log.744cd176-258e-4a7a-bf68-3f0930f314d3.pnml,42
507,Sepsis Cases - Event Log.5d4458ea-62fa-419c-9df2-61a2d1b551a4.pnml,137
508,Sepsis Cases - Event Log.66ac36ed-dd36-4119-935a-83468638e46b.pnml,174
509,Sepsis Cases - Event Log.009e5c4d-7010-4153-8c90-47a533c863df.pnml,178
510,Sepsis Cases - Event Log.81b4277c-a85c-418d-8a1d-63e322ddb4ba.pnml,0
511,Sepsis Cases - Event Log.32f669e8-7724-47d0-a040-cc00fd384657.pnml,87
512,Sepsis Cases - Event Log.dca34b4e-deef-448d-8771-58c55ca751d8.pnml,174
513,Sepsis Cases - Event Log.3f632878-5893-4341-b8a1-f9fea11723cf.pnml,68
514,Sepsis Cases - Event Log.87fce85e-315a-4c19-9bc7-8b552b844df7.pnml,110
515,Sepsis Cases - Event Log.b888354b-195a-4ffd-b5bd-731a16c45860.pnml,90
516,Sepsis Cases - Event Log.6648effa-5a32-41af-9f36-742da077bcc6.pnml,31
517,Sepsis Cases - Event Log.7f2da41e-888b-421d-94be-c2785a9d4368.pnml,85
518,Sepsis Cases - Event Log.cf186208-20bb-4a13-a9e9-f9371447322c.pnml,68
519,Sepsis Cases - Event Log.d9a269c0-3640-4231-9073-3fe4bda604a3.pnml,68
520,Sepsis Cases - Event Log.9fd08ed2-660a-4b2c-8267-b0d5930273dc.pnml,68
521,Sepsis Cases - Event Log.3a74099b-7e03-44a0-ace3-d295fc5b8606.pnml,54
522,Sepsis Cases - Event Log.6ce0a498-d1ba-40ea-8f6b-db8b126f8651.pnml,68
523,Sepsis Cases - Event Log.096e2420-d151-49f2-b291-73be2986c7fc.pnml,108
524,Sepsis Cases - Event Log.8f457cee-f559-4a38-a43d-5e4f1d5ec4d7.pnml,68
525,Sepsis Cases - Event Log.a03a8958-e65a-4584-9f46-134b9e494f83.pnml,68
526,Sepsis Cases - Event Log.1b0dafd2-49e3-4742-b7a3-99fccd6afe6b.pnml,83
527,Sepsis Cases - Event Log.3b233487-0a5f-45a9-ac13-b6844ea0a83c.pnml,78
528,Sepsis Cases - Event Log.a641f1c4-f170-434e-9982-f5f3c19e0ee5.pnml,53
529,Sepsis Cases - Event Log.0fda8fda-7f90-487e-93d8-2fbbdfe0ae12.pnml,39
530,Sepsis Cases - Event Log.f5c4eee2-a4f0-41a8-bb4b-0b8444779305.pnml,15
531,Sepsis Cases - Event Log.3c8155dd-fea8-4d43-a4a5-5016649409e2.pnml,106
532,Sepsis Cases - Event Log.c14cb9a3-936e-44bf-811b-1fce118be93c.pnml,68
533,Sepsis Cases - Event Log.8289a9fd-bc43-4e58-8960-40c31363ce92.pnml,68
534,Sepsis Cases - Event Log.dda150da-1b5b-404c-bbc1-e2f5bd4d730f.pnml,68
535,Sepsis Cases - Event Log.c6dbe3eb-e0f3-4fb8-b06d-bf7b2d40f7c9.pnml,68
536,Sepsis Cases - Event Log.06c12397-0728-4187-a09d-1924e251e1e6.pnml,88
537,Sepsis Cases - Event Log.a4436cb5-2925-4a14-8acb-9871459070d4.pnml,14
538,Sepsis Cases - Event Log.3402adba-6c09-4ac7-b281-80f1e79e6fd9.pnml,68
539,Sepsis Cases - Event Log.f8a8d702-84d4-4023-9f19-447c94b60d1f.pnml,174
540,Sepsis Cases - Event Log.f720f4ee-9897-499f-b310-ad931845bdd4.pnml,68
541,Sepsis Cases - Event Log.cbeb56b7-e687-41ca-9ff7-fe6c3af26837.pnml,68
542,Sepsis Cases - Event Log.d522f6e3-2ee4-4ef4-9c0d-f0febb9d7e2f.pnml,174
543,Sepsis Cases - Event Log.45dc5dd9-4836-4fb0-a465-03d5052d8523.pnml,68
544,Sepsis Cases - Event Log.e4c068f6-e2be-4072-ac96-8e3264b6b1bc.pnml,29
545,Sepsis Cases - Event Log.2515c73a-77c2-4d8c-9e29-725f2367fbb5.pnml,132
546,Sepsis Cases - Event Log.8797cf5d-78cd-4954-b1ce-8f6f049d6063.pnml,100
547,Sepsis Cases - Event Log.7001add7-8602-404c-ad4b-382c2e908f83.pnml,68
548,Sepsis Cases - Event Log.fd163a29-2d1a-4cd1-a74e-4f0c40eb6d52.pnml,68
549,Sepsis Cases - Event Log.274f55d0-c914-43b8-b493-a84b4ae45402.pnml,89
550,Sepsis Cases - Event Log.e16f04d6-d9a1-4834-9722-65fc35f84222.pnml,68
551,Sepsis Cases - Event Log.26d21ce1-4660-4211-97b5-aa1f6f98abc3.pnml,68
552,Sepsis Cases - Event Log.6c83d7ce-e6cb-48ae-8182-ef7cab940cdc.pnml,68
553,Sepsis Cases - Event Log.00dca8da-43c0-4bd5-9322-483959c5d57c.pnml,174
554,Sepsis Cases - Event Log.a5a36f70-fd0f-48ee-9fbd-38ffbc7e306c.pnml,68
555,Sepsis Cases - Event Log.1e86ef19-57c3-47a8-af38-e63b27171498.pnml,68
556,Sepsis Cases - Event Log.3e61fad1-c0f2-41a1-bf41-6519a7fdedef.pnml,68
557,Sepsis Cases - Event Log.b8737f1b-1e31-42f0-8f9e-c509146bee85.pnml,2
558,Sepsis Cases - Event Log.258d1226-9885-4937-8e90-914c158ec57b.pnml,68
559,Sepsis Cases - Event Log.110fa0fe-31c1-45a7-b715-6be82ad34abd.pnml,45
560,Sepsis Cases - Event Log.7d08cb3f-9ec2-41e4-b212-74d69925d637.pnml,58
561,Sepsis Cases - Event Log.3196671a-df47-4ead-b4ae-651ad66944c3.pnml,0
562,Sepsis Cases - Event Log.01fa218a-a34c-4e76-97ef-7d84fed46587.pnml,179
563,Sepsis Cases - Event Log.95ba1293-b6e7-4f2b-9823-a744e2bd7218.pnml,40
564,Sepsis Cases - Event Log.a8ca39e1-c171-4eb7-9230-20334b512ae3.pnml,68
565,Sepsis Cases - Event Log.c8f17476-66ea-45cb-b942-77255eddda68.pnml,60
566,Sepsis Cases - Event Log.3ba2ad1c-13f7-43aa-80c9-95c3855a268a.pnml,20
567,Sepsis Cases - Event Log.b6ea6f40-3fad-4297-907a-eb0dd5260db0.pnml,132
568,Sepsis Cases - Event Log.07dc5a36-bb6f-4ce4-8b5f-b8d7c837fe5e.pnml,52
569,Sepsis Cases - Event Log.ff347e63-7322-4f06-9cb1-61bdbc7911d6.pnml,68
570,Sepsis Cases - Event Log.55e7100d-3139-4e45-aa50-f6618f94b441.pnml,68
571,Sepsis Cases - Event Log.ee8d3fe2-7ce5-4210-94eb-a7bc44a0e8d4.pnml,31
572,Sepsis Cases - Event Log.711a0009-7daf-4a2b-ad8d-b58f10aa40ff.pnml,72
573,Sepsis Cases - Event Log.4ed9511e-3015-4b2b-a747-36f814d36acd.pnml,68
574,Sepsis Cases - Event Log.4d53a587-e2dc-494f-8d8e-1dba2487c2e5.pnml,59
575,Sepsis Cases - Event Log.cdba6c8a-750d-417a-9c75-02d45af826e2.pnml,31
576,Sepsis Cases - Event Log.95f91c88-d785-44d1-bfd6-3d24c52b3a34.pnml,68
577,Sepsis Cases - Event Log.0ad06792-1282-41ed-8271-8a6a070e28d8.pnml,88
578,Sepsis Cases - Event Log.d6eb61c9-f956-492c-80d7-135b6faa7a0d.pnml,68
579,Sepsis Cases - Event Log.54831276-0ae0-47c0-8bb7-f65d6c997a35.pnml,102
580,Sepsis Cases - Event Log.aa42ee48-a8aa-40da-90f8-ffb601b6efd5.pnml,65
581,Sepsis Cases - Event Log.11b9b74f-da95-46ac-8967-593a2ecc1e76.pnml,3
582,Sepsis Cases - Event Log.53293d19-352a-4cb0-b3ee-202b28ed61f3.pnml,68
583,Sepsis Cases - Event Log.ff901ded-2dcc-4ce2-8ab4-39417333eafb.pnml,170
584,Sepsis Cases - Event Log.15c3da7b-1c9f-415c-805b-74291aeec817.pnml,50
585,Sepsis Cases - Event Log.465ed573-75b9-4603-94d7-011ebd7bd9d6.pnml,68
586,Sepsis Cases - Event Log.b99933f4-ab16-4043-ab99-eb032c71ae1d.pnml,132
587,Sepsis Cases - Event Log.9e88e3b6-a362-4c5c-ad4f-a0a78381a935.pnml,68
588,Sepsis Cases - Event Log.f7632816-554d-42b5-90fe-3c3f1eee4076.pnml,68
589,Sepsis Cases - Event Log.622839db-fee5-41ee-ae07-3d56e9144dda.pnml,68
590,Sepsis Cases - Event Log.22ddbd44-e919-4b05-817f-0ad56c81a095.pnml,13
591,Sepsis Cases - Event Log.47fb3b5d-507b-482e-9eb8-ba987912fb97.pnml,89
592,Sepsis Cases - Event Log.a2463454-83af-4afb-9c06-b87937cbd505.pnml,7
593,Sepsis Cases - Event Log.ae15611a-dc34-447c-99b5-ad2f72e372c6.pnml,68
594,Sepsis Cases - Event Log.611c593f-b2f6-4998-93ec-4f245c640c40.pnml,41
595,Sepsis Cases - Event Log.b159b9ab-d2d2-4f23-a7f3-6cee66f22658.pnml,28
596,Sepsis Cases - Event Log.693bfd37-235f-41b4-a400-d8269f167301.pnml,49
597,Sepsis Cases - Event Log.57926b64-f805-4dc4-b566-bfed9b74ae1d.pnml,57
598,Sepsis Cases - Event Log.19f3155f-2a55-4db6-ac4b-58004d4004fb.pnml,45
599,Sepsis Cases - Event Log.5161dcaa-ef67-4171-a5bb-997f145dc361.pnml,178
600,Sepsis Cases - Event Log.22690b68-1005-47ce-9125-7d2ef6c9061e.pnml,48
